[
    {
        "model": "authtoken.token",
        "pk": "ac9aa09a4c1cd571772bda94b5f83bd33291238d",
        "fields": {
            "user": 16,
            "created": "2025-07-27T10:36:00.993Z"
        }
    },
    {
        "model": "authtoken.token",
        "pk": "ef2a7997a8ec006ed3dc0591925fcde3c7773aa6",
        "fields": {
            "user": 15,
            "created": "2025-07-27T13:37:14.857Z"
        }
    },
    {
        "model": "captcha.captchastore",
        "pk": 44,
        "fields": {
            "challenge": "6*2=",
            "response": "12",
            "hashkey": "6c95ce79349dd8229f5cc98e40277187619aead2",
            "expiration": "2025-07-27T13:54:20.068Z"
        }
    },
    {
        "model": "captcha.captchastore",
        "pk": 45,
        "fields": {
            "challenge": "6+3=",
            "response": "9",
            "hashkey": "c569b47b89133a5ef5ef02cda72577be2b28f3fa",
            "expiration": "2025-07-27T13:54:21.540Z"
        }
    },
    {
        "model": "captcha.captchastore",
        "pk": 47,
        "fields": {
            "challenge": "3+7=",
            "response": "10",
            "hashkey": "b8cae17eeae00070ca333d9e56f47d0ec5ff0488",
            "expiration": "2025-07-27T14:03:39.627Z"
        }
    },
    {
        "model": "captcha.captchastore",
        "pk": 48,
        "fields": {
            "challenge": "2+4=",
            "response": "6",
            "hashkey": "8edc0f9a8b8fdda8f36b45a5473ff822024f431a",
            "expiration": "2025-07-28T10:09:46.981Z"
        }
    },
    {
        "model": "auth.user",
        "pk": 1,
        "fields": {
            "password": "pbkdf2_sha256$1000000$o31iF0x859LUIt7lcSE2sU$AdN+XRqiwSKDRwQe8zpCAHfL1Dgh4adFTkzG5LBvecA=",
            "last_login": "2025-07-28T10:05:00.677Z",
            "is_superuser": true,
            "username": "dima",
            "first_name": "",
            "last_name": "",
            "email": "pon@mail.ru",
            "is_staff": true,
            "is_active": true,
            "date_joined": "2025-06-15T04:51:14.135Z",
            "groups": [],
            "user_permissions": []
        }
    },
    {
        "model": "auth.user",
        "pk": 15,
        "fields": {
            "password": "pbkdf2_sha256$1000000$Ob2w8g5BA0ItWkPEr6N6uE$PMTOqShqxAK3N6L0j2UhwCrbIFVjGW/NfGDEWNmseP8=",
            "last_login": "2025-07-27T13:37:14.863Z",
            "is_superuser": false,
            "username": "Rex",
            "first_name": "",
            "last_name": "",
            "email": "",
            "is_staff": false,
            "is_active": true,
            "date_joined": "2025-07-14T11:02:32.595Z",
            "groups": [],
            "user_permissions": []
        }
    },
    {
        "model": "auth.user",
        "pk": 16,
        "fields": {
            "password": "pbkdf2_sha256$1000000$CNx3mxDmJ14QbBrpJUEfL7$J1QkFFew3pzoOdbO+p0cpFt5IWdUBoCrx82xsVe2UZ4=",
            "last_login": "2025-07-28T15:49:25.426Z",
            "is_superuser": false,
            "username": "Coby",
            "first_name": "",
            "last_name": "",
            "email": "",
            "is_staff": false,
            "is_active": true,
            "date_joined": "2025-07-16T13:56:59.346Z",
            "groups": [],
            "user_permissions": []
        }
    },
    {
        "model": "auth.user",
        "pk": 17,
        "fields": {
            "password": "pbkdf2_sha256$1000000$DVOkzraIFxCiGHyFEhootX$RxKgymbYRFMDNvXQu24cQPg+wJjOVH94fChmDAmoiRc=",
            "last_login": "2025-07-27T13:50:40.738Z",
            "is_superuser": false,
            "username": "Leo",
            "first_name": "",
            "last_name": "",
            "email": "",
            "is_staff": false,
            "is_active": true,
            "date_joined": "2025-07-27T13:50:31.143Z",
            "groups": [],
            "user_permissions": []
        }
    },
    {
        "model": "blog.post",
        "pk": 33,
        "fields": {
            "title": "Крушение день 1",
            "slug": "1",
            "content": "Меня перевели в отряд 731 и дали командование. После нас послали в экспедицию на планету Хот - заснеженную пустыню. Задание заключалось в налаживании отношений с местными народами( в том числе не гуманоидной формы) и основание форта для продвижение логистических узлов. Отряд насчитывал более 800 человек и 100 роботов помощников нового образца(полноценные ИИ с встроенной специализацией). Прилетели мы вечером и остались на корабле.",
            "author": 15,
            "created_date": "2025-07-14T11:17:40.575Z",
            "published_date": "2025-07-14T11:17:40.573Z",
            "is_published": true,
            "image": ""
        }
    },
    {
        "model": "blog.post",
        "pk": 34,
        "fields": {
            "title": "Крушение день 2",
            "slug": "2",
            "content": "На дежурстве было несколько десятков патрульных сменяющих друг друга. Небольшие отряды из нескольких человек выходили патрулировать и изучать окрестности, ничего интересного не наблюдалось. К утру мы сделали полноценную вылазку(более 150 человек) на мини-шатлах CV-2, чтобы изучить специфику этих мест. Очень опасные места. Зверей здесь немного, но те которые есть несут большую угрозу. Питаются они преимущественно рыбой и мелкими растение в тех местах, где слой снега не такой большой.  Места очень тихие, жуткие, кажется, что здесь все вымерли, оставив только несокрушимые глыбы льда, темно-синего льда.  \r\nПролетев около 3 часов, наш отряд решил сделать остановку. На протяжении 500 миль ни души, как вдруг резкая атака с небольшой возвышенности. С начала донеслись дикие крики на непонятном языке( явно не гуманоидной формы, ибо наши ИИ детекторы не смогли подобрать родственных корней во всех известных нам формах языка). После в нас стали кидать копья и даже какие-то странные местные гранаты-взрывчатки. Хоть их радиус и ударная волана не сравниться даже с CH-1, тем не менее, некоторых они застали врасплох, но мы быстро отбились и послали сигнальную ракету вверх, даже сложили оружия, но не отпускали их слишком далеко. Но на контакт племена не пошли, а быстро удалились. Вид у них странный, похож на йети.",
            "author": 15,
            "created_date": "2025-07-14T11:28:58.648Z",
            "published_date": "2025-07-14T11:28:58.647Z",
            "is_published": true,
            "image": ""
        }
    },
    {
        "model": "blog.post",
        "pk": 35,
        "fields": {
            "title": "Крушение день 3",
            "slug": "3",
            "content": "Рано утром на нас напали. Началось все с оглушительного крика, а после в ход пошли гранаты и даже пушки. Однако, борт \"Сокола\" почти не пострадал, слишком незначительные повреждения. Мы делали попытки пойти на контакт, складывали вниз орудия, отправляли сигналы, но местные никак не хотели нас принимать. Пришлось завести двигатели и улететь. Контакт с местными пока неосуществим, поэтому решение было строить форт. Место искали недолго, на горизонте была довольно пологий хребет вместе с рекой. Но вдруг приборы стали глючить, радары сбились. Похоже местные аномалии. Было принято решение лететь ниже, но именно оно стало ошибкой. С начала оглушительный удар о борт выбил почву из под ног. Двигатель, который и так плохо работал из-за температур,( к тому же экономилось атомная энергия для гиперскачка и удаленности космических станций) принял на себя удар монстра. А этим монстром оказался огромный кит, видимо испугавшийся звука шатла. Мы свернули правее и хотели пролететь ледяные хребты, но тут корабль врезался в глыбу и начал идти ко дну.",
            "author": 15,
            "created_date": "2025-07-14T11:38:12.803Z",
            "published_date": "2025-07-14T11:38:12.802Z",
            "is_published": true,
            "image": "posts/sokol_JkRPEwC.jpg"
        }
    },
    {
        "model": "blog.post",
        "pk": 36,
        "fields": {
            "title": "Спасение",
            "slug": "post-20250714114607",
            "content": "Целую неделю мы пытались выбраться. Первым делом было отправлено экстренное сообщение о помощи. После, чтобы \"Сокол\" не утонул, пришлось цеплять гончими шатлами тросы, находить точки опоры, и выкидывать лишний груз. Довольно глупо вышло, но корабль сохранить удалось. За неделю были еще вылазки местных на наш отряд, более  50 человек ранено, двое утонули при крушении, трое погибли от обвалов. Более десяти человек ушло в экспедицию и не вернулось. Мы потеряли порядка 15 человек, но от местных племен никто не умер(возможно, кроме пропавших) Но в общем кроме мороза сильных трудностей не было. После крушения уже никто не хотел церемонится с местными, поэтому открывали огонь из бластеров. Когда же приходили целые отряды на странных местных зверях, которые явно были опаснее гранат и прочего, приходилось открывать огонь из пушек корабля. После этого  местные больше не тревожили нас. Один выстрел уничтожал десятерых, если не больше, а животные скрывались в ужасе. К сожалению порядка 50 местных погибло во время экспедиции, на контакт никто не хотел идти. Сверх массивный эвакуатор прибыл только спустя неделю. Наконец-то мы спасены!",
            "author": 15,
            "created_date": "2025-07-14T11:46:07.262Z",
            "published_date": "2025-07-14T11:46:07.260Z",
            "is_published": true,
            "image": ""
        }
    },
    {
        "model": "blog.post",
        "pk": 37,
        "fields": {
            "title": "Затерянный мир",
            "slug": "post-20250716140359",
            "content": "Собратья солдаты, сегодня хотел бы Вам рассказать одну чудную историю. Пару лет назад мы ловили шатлы дроидов на Дальних Орбитах, а если быть точнее на так называемом Смертельном Кольце. Место в общем аномальное, не мне Вам рассказывать. Там часто происходят самые загадочные сражения. Так вот, однажды мы заблудились и взяли курс не в ту сторону, благо потом засекли радар и нашли направление, да и улетели не так далеко. И между астероидов(Кольцо Брайеля) мы заметили необычную планету. Ее вроде и сейчас на картах и не найдешь, а уж тогда тем более. Высадились значит, устроили привал. Вокруг леса, ни души. Очень странные чувства терзали тогда меня. Остаться мы долго не решили, так уж не по себе было. Решили чуть пролететь, и увидели это. (фото прилагаю) И еще множество остатков шатлов, кораблей, самоходных лазеров, сверхпушек и прочего. И всех их поглотила матушка природа. И больше никого...",
            "author": 16,
            "created_date": "2025-07-16T14:03:59.742Z",
            "published_date": "2025-07-16T14:03:59.739Z",
            "is_published": true,
            "image": "posts/zateranii.jpg"
        }
    },
    {
        "model": "blog.post",
        "pk": 38,
        "fields": {
            "title": "Планета с Галактики m87",
            "slug": "m87",
            "content": "Сегодня хочу Вам поведать о нашем изучении далекой-далекой Галактики m87.\r\nЦелью было исследование черной дыры в центре  m87 и планет рядом. Первые недели мы брали пробы с местных астероидов и планет и, не найдя там ничего сильно интересного, решили высадится экспедицией на ближайшую к нам планету(m87-001F). Находилась она в кольце Ойлэ. Черная дыра была совсем далеко, но большего и не приходилось ожидать, ведь подлетев чуть ближе положенного мы бы попали в Сингулярность, а как известно с нее еще никто не выбирался. Целью же экспедицию было косвенное изучение черной дыры посредством исследования планет относительно недалеко. Первой планетой стала пустынная 001F. Взяв пробы грунта, ничего неожиданного обнаружено не было, что в целом в очередной раз доказывало теорию причинности. Грунт был схож с Татуином, никаких видимых отклонений. Мы отправили пару зондов по орбите, снабдив их ИИ-помощниками. Развитой жизни не наблюдалось, только мелкие бактерии, которые легко приспосабливались к экстремальным условиям. Через неделю было принято решение разделиться на десять маленьких групп по 22 человека каждая. Договорились встретиться через день у шатла, но пришли не все... Одна группа исчезла бесследно, а вместе с ней профессор Паулье. Еще несколько дней мы отправляли радио сигналы и дроидов помощников. НИКОГО...",
            "author": 15,
            "created_date": "2025-07-22T08:10:55.879Z",
            "published_date": "2025-07-22T08:10:55.877Z",
            "is_published": true,
            "image": "posts/planet_m87-001F.jpg"
        }
    },
    {
        "model": "blog.post",
        "pk": 39,
        "fields": {
            "title": "Лед 9, на задворках Галактик",
            "slug": "9",
            "content": "Изучение Льда-9 для учёных до сих пор остаётся одной из сложнейших задач, а его природа продолжает оставаться загадкой. Трудно даже поверить, что подобное вещество вообще существует во Вселенной (хотя гипотетически это возможно).\r\nПомню, как когда-то участвовал в экспедициях к экзопланетам дальних орбит, но безуспешно. Из-за сверхсильной гравитации невозможно подобраться к предполагаемым местам образования этого вещества.\r\nНе буду углубляться в доказательства существования Льда-9. Достаточно сказать, что все теоретические выкладки о нём основаны на уравнениях Мура и Айзека (их вклад в изучение Вселенной неоспорим).\r\nДостоверно известно лишь, что Лёд-9 должен формироваться в зонах экстремальной гравитации — например, вблизи чёрных дыр. Обладая колоссальной плотностью и, судя по всему, отрицательной массой, он должен особым образом искривлять пространство там, где преобладает положительная масса.\r\nИ самое главное: до сих пор неясно, может ли человек вообще взаимодействовать с этим веществом. Такие дела...",
            "author": 16,
            "created_date": "2025-07-27T13:48:54.587Z",
            "published_date": "2025-07-27T13:48:54.584Z",
            "is_published": true,
            "image": "posts/i.webp"
        }
    },
    {
        "model": "blog.post",
        "pk": 40,
        "fields": {
            "title": "Восход на Татуине",
            "slug": "post-20250727135814",
            "content": "Еще пару дней назад корпус 965 закончил подавление восстания на Татуине. Моей задачей стала охрана особой технике в пустыне Наби. Слава Галактике, восстание закончилось быстро, а жертв не было много. Хочу поделиться с Вами фото восхода на Татуине. Всем удачи!\r\nP.s. Жара здесь невероятная. 43 градуса в 9 утра!",
            "author": 17,
            "created_date": "2025-07-27T13:58:14.528Z",
            "published_date": "2025-07-27T13:58:14.527Z",
            "is_published": true,
            "image": "posts/tatuin.jpg"
        }
    },
    {
        "model": "blog.comment",
        "pk": 4,
        "fields": {
            "post": 35,
            "author": 1,
            "text": ":(",
            "created_at": "2025-07-14T11:47:50.140Z",
            "parent": null
        }
    },
    {
        "model": "blog.comment",
        "pk": 5,
        "fields": {
            "post": 33,
            "author": 1,
            "text": "Начало захватывающей истории",
            "created_at": "2025-07-16T11:31:03.191Z",
            "parent": null
        }
    },
    {
        "model": "blog.comment",
        "pk": 6,
        "fields": {
            "post": 37,
            "author": 15,
            "text": "В кольце Брайеля был не раз и всегда чертовщина там творилась. Не зря же между клонами его называют \"Кладбище Шатлов\". Планеты там тоже необычные. У них зачастую слишком большая орбита, ибо внутри кольца сверхмассивный объект(до сих пор не понятно что, хоть многие ученые и сходятся на том, что это либо червоточина(кротовая нора), либо черная дыра). И именно из-за орбиты многие планеты не вносят на карты, да и местности малоизучены. Интересно, насколько давно там эти затерянные корабли,  и даже AT-AT! Есть еще следы сражений?",
            "created_at": "2025-07-17T05:18:35.541Z",
            "parent": null
        }
    },
    {
        "model": "blog.comment",
        "pk": 7,
        "fields": {
            "post": 35,
            "author": 16,
            "text": "Никогда не был командиром настолько большого шатла! Великий труд! Впечатляющая картина конечно... Только уважение тебе Рекс",
            "created_at": "2025-07-17T05:46:19.722Z",
            "parent": null
        }
    },
    {
        "model": "blog.comment",
        "pk": 10,
        "fields": {
            "post": 39,
            "author": 17,
            "text": "Боюсь эту тайну не раскроют на нашем веку...",
            "created_at": "2025-07-27T13:51:28.272Z",
            "parent": null
        }
    },
    {
        "model": "blog.comment",
        "pk": 12,
        "fields": {
            "post": 36,
            "author": 16,
            "text": "Мало рассказал! Эту историю хочется слушать и слушать...",
            "created_at": "2025-07-28T15:50:37.226Z",
            "parent": null
        }
    },
    {
        "model": "blog.comment",
        "pk": 21,
        "fields": {
            "post": 39,
            "author": 16,
            "text": "Наверно, ты прав",
            "created_at": "2025-07-29T08:46:45.047Z",
            "parent": 10
        }
    },
    {
        "model": "blog.comment",
        "pk": 22,
        "fields": {
            "post": 39,
            "author": 16,
            "text": "До сих пор не верится",
            "created_at": "2025-07-29T08:53:53.557Z",
            "parent": null
        }
    },
    {
        "model": "blog.like",
        "pk": 17,
        "fields": {
            "user": 15,
            "content_type": 7,
            "object_id": 35,
            "created_at": "2025-07-16T13:24:09.153Z"
        }
    },
    {
        "model": "blog.like",
        "pk": 24,
        "fields": {
            "user": 15,
            "content_type": 9,
            "object_id": 4,
            "created_at": "2025-07-16T13:32:01.416Z"
        }
    },
    {
        "model": "blog.like",
        "pk": 30,
        "fields": {
            "user": 1,
            "content_type": 7,
            "object_id": 34,
            "created_at": "2025-07-16T13:34:10.224Z"
        }
    },
    {
        "model": "blog.like",
        "pk": 38,
        "fields": {
            "user": 1,
            "content_type": 7,
            "object_id": 35,
            "created_at": "2025-07-16T13:43:00.178Z"
        }
    },
    {
        "model": "blog.like",
        "pk": 46,
        "fields": {
            "user": 1,
            "content_type": 9,
            "object_id": 4,
            "created_at": "2025-07-16T13:53:01.876Z"
        }
    },
    {
        "model": "blog.like",
        "pk": 47,
        "fields": {
            "user": 1,
            "content_type": 9,
            "object_id": 5,
            "created_at": "2025-07-16T13:53:16.024Z"
        }
    },
    {
        "model": "blog.like",
        "pk": 55,
        "fields": {
            "user": 1,
            "content_type": 7,
            "object_id": 37,
            "created_at": "2025-07-16T16:11:50.253Z"
        }
    },
    {
        "model": "blog.like",
        "pk": 56,
        "fields": {
            "user": 1,
            "content_type": 7,
            "object_id": 36,
            "created_at": "2025-07-17T05:11:37.147Z"
        }
    },
    {
        "model": "blog.like",
        "pk": 57,
        "fields": {
            "user": 16,
            "content_type": 7,
            "object_id": 37,
            "created_at": "2025-07-17T05:12:03.572Z"
        }
    },
    {
        "model": "blog.like",
        "pk": 58,
        "fields": {
            "user": 15,
            "content_type": 7,
            "object_id": 37,
            "created_at": "2025-07-17T05:12:41.116Z"
        }
    },
    {
        "model": "blog.like",
        "pk": 59,
        "fields": {
            "user": 16,
            "content_type": 9,
            "object_id": 6,
            "created_at": "2025-07-17T05:19:28.119Z"
        }
    },
    {
        "model": "blog.like",
        "pk": 60,
        "fields": {
            "user": 16,
            "content_type": 9,
            "object_id": 4,
            "created_at": "2025-07-17T05:46:21.461Z"
        }
    },
    {
        "model": "blog.like",
        "pk": 63,
        "fields": {
            "user": 17,
            "content_type": 7,
            "object_id": 39,
            "created_at": "2025-07-27T13:50:55.790Z"
        }
    },
    {
        "model": "blog.like",
        "pk": 64,
        "fields": {
            "user": 1,
            "content_type": 7,
            "object_id": 40,
            "created_at": "2025-07-28T10:05:12.510Z"
        }
    },
    {
        "model": "blog.like",
        "pk": 65,
        "fields": {
            "user": 1,
            "content_type": 9,
            "object_id": 10,
            "created_at": "2025-07-28T10:05:23.911Z"
        }
    },
    {
        "model": "blog.like",
        "pk": 90,
        "fields": {
            "user": 16,
            "content_type": 9,
            "object_id": 10,
            "created_at": "2025-07-29T09:25:50.597Z"
        }
    },
    {
        "model": "blog.like",
        "pk": 91,
        "fields": {
            "user": 16,
            "content_type": 7,
            "object_id": 39,
            "created_at": "2025-07-29T09:25:52.516Z"
        }
    }
]